Rank,Release Group,Worldwide,Domestic,%,Foreign,%
1,Avengers: Endgame,"$2,797,800,564","$858,373,000",30.7%,"$1,939,427,564",69.3%
2,The Lion King,"$1,656,943,394","$543,638,043",32.8%,"$1,113,305,351",67.2%
3,Frozen II,"$1,450,026,933","$477,373,578",32.9%,"$972,653,355",67.1%
4,Spider-Man: Far from Home,"$1,131,927,996","$390,532,085",34.5%,"$741,395,911",65.5%
5,Captain Marvel,"$1,128,274,794","$426,829,839",37.8%,"$701,444,955",62.2%
6,Joker,"$1,074,251,311","$335,451,311",31.2%,"$738,800,000",68.8%
7,Star Wars: Episode IX - The Rise of Skywalker,"$1,074,144,248","$515,202,542",48%,"$558,941,706",52%
8,Toy Story 4,"$1,073,394,593","$434,038,008",40.4%,"$639,356,585",59.6%
9,Aladdin,"$1,050,693,953","$355,559,216",33.8%,"$695,134,737",66.2%
10,Jumanji: The Next Level,"$796,575,993","$316,831,246",39.8%,"$479,744,747",60.2%
11,Fast & Furious Presents: Hobbs & Shaw,"$759,056,935","$173,956,935",22.9%,"$585,100,000",77.1%
12,Ne Zha,"$726,063,471","$3,695,533",0.5%,"$722,367,938",99.5%
13,The Wandering Earth,"$699,856,699","$5,971,413",0.9%,"$693,885,286",99.1%
14,How to Train Your Dragon: The Hidden World,"$521,799,505","$160,799,505",30.8%,"$361,000,000",69.2%
15,Maleficent: Mistress of Evil,"$491,730,089","$113,929,605",23.2%,"$377,800,484",76.8%
16,It Chapter Two,"$473,093,228","$211,593,228",44.7%,"$261,500,000",55.3%
17,"My People, My Country","$450,064,993","$2,356,683",0.5%,"$447,708,310",99.5%
18,Pokémon Detective Pikachu,"$433,005,346","$144,105,346",33.3%,"$288,900,000",66.7%
19,The Secret Life of Pets 2,"$430,051,293","$158,874,395",36.9%,"$271,176,898",63.1%
20,The Captain,"$416,953,262","$706,572",0.2%,"$416,246,690",99.8%
21,Alita: Battle Angel,"$404,852,543","$85,710,210",21.2%,"$319,142,333",78.8%
22,Godzilla: King of the Monsters,"$386,600,138","$110,500,138",28.6%,"$276,100,000",71.4%
23,1917,"$374,717,445","$159,227,644",42.5%,"$215,489,801",57.5%
24,Once Upon a Time... in Hollywood,"$374,343,626","$142,502,728",38.1%,"$231,840,898",61.9%
25,Shazam!,"$365,971,656","$140,371,656",38.4%,"$225,600,000",61.6%
26,Dumbo,"$353,284,621","$114,766,307",32.5%,"$238,518,314",67.5%
27,John Wick: Chapter 3 - Parabellum,"$326,709,727","$171,015,687",52.3%,"$155,694,040",47.7%
28,Knives Out,"$309,232,797","$165,363,234",53.5%,"$143,869,563",46.5%
29,Terminator: Dark Fate,"$261,119,292","$62,253,077",23.8%,"$198,866,215",76.2%
30,Parasite,"$257,355,036","$53,369,749",20.7%,"$203,985,287",79.3%
31,Us,"$255,184,580","$175,084,580",68.6%,"$80,100,000",31.4%
32,Men in Black: International,"$253,890,701","$80,001,807",31.5%,"$173,888,894",68.5%
33,X-Men: Dark Phoenix,"$252,442,974","$65,845,974",26.1%,"$186,597,000",73.9%
34,Glass,"$246,999,039","$111,048,468",45%,"$135,950,571",55%
35,The Bravest,"$245,179,562","$290,217",0.1%,"$244,889,345",99.9%
36,Annabelle Comes Home,"$231,252,591","$74,152,591",32.1%,"$157,100,000",67.9%
37,Ford v Ferrari,"$225,508,210","$117,624,357",52.2%,"$107,883,853",47.8%
38,Better Days,"$225,320,294","$1,921,657",0.9%,"$223,398,637",99.1%
39,Little Women,"$209,101,214","$108,101,214",51.7%,"$101,000,000",48.3%
40,The Addams Family,"$203,044,905","$100,044,905",49.3%,"$103,000,000",50.7%
41,Rocketman,"$195,179,299","$96,368,160",49.4%,"$98,811,139",50.6%
42,Weathering with You,"$193,145,004","$7,798,743",4%,"$185,346,261",96%
43,Downton Abbey,"$192,620,184","$96,854,135",50.3%,"$95,766,049",49.7%
44,The Lego Movie 2: The Second Part,"$192,306,508","$105,806,508",55%,"$86,500,000",45%
45,The White Storm 2: Drug Lords,"$189,396,380","$609,461",0.3%,"$188,786,919",99.7%
46,Abominable,"$181,711,947","$60,716,390",33.4%,"$120,995,557",66.6%
47,Gemini Man,"$173,469,516","$48,546,770",28%,"$124,922,746",72%
48,Spies in Disguise,"$171,616,764","$66,757,013",38.9%,"$104,859,751",61.1%
49,Hustlers,"$157,563,598","$104,963,598",66.6%,"$52,600,000",33.4%
50,The Climbers,"$156,759,167","$487,157",0.3%,"$156,272,010",99.7%
51,Escape Room,"$155,712,077","$57,005,601",36.6%,"$98,706,476",63.4%
52,Yesterday,"$152,397,918","$73,286,650",48.1%,"$79,111,268",51.9%
53,The Angry Birds Movie 2,"$147,792,047","$41,667,116",28.2%,"$106,124,931",71.8%
54,Angel Has Fallen,"$146,661,977","$69,030,436",47.1%,"$77,631,541",52.9%
55,Ad Astra,"$127,461,872","$50,188,370",39.4%,"$77,273,502",60.6%
56,The Upside,"$125,852,517","$108,252,517",86%,"$17,600,000",14%
57,Midway,"$125,647,353","$56,846,802",45.2%,"$68,800,551",54.8%
58,The Curse of la Llorona,"$123,133,739","$54,733,739",44.5%,"$68,400,000",55.5%
59,Looking Up,"$122,994,583","$84,267",<0.1%,"$122,910,316",99.9%
60,Zombieland: Double Tap,"$122,810,399","$73,123,082",59.5%,"$49,687,317",40.5%
61,Last Christmas,"$121,550,750","$35,150,750",28.9%,"$86,400,000",71.1%
62,Extreme Job,"$119,932,733","$1,565,885",1.3%,"$118,366,848",98.7%
63,Dora and the Lost City of Gold,"$119,682,635","$60,477,943",50.5%,"$59,204,692",49.5%
64,Wonder Park,"$119,559,110","$45,216,793",37.8%,"$74,342,317",62.2%
65,P Storm,"$117,991,727","$326,711",0.3%,"$117,665,016",99.7%
66,Pet Sematary,"$113,118,226","$54,724,696",48.4%,"$58,393,530",51.6%
67,Good Boys,"$111,011,582","$83,140,306",74.9%,"$27,871,276",25.1%
68,Scary Stories to Tell in the Dark,"$104,545,505","$68,947,075",65.9%,"$35,598,430",34.1%
69,Line Walker 2: Invisible Spy,"$99,482,027","$296,751",0.3%,"$99,185,276",99.7%
70,The Hustle,"$95,031,585","$35,417,038",37.3%,"$59,614,547",62.7%
71,Crawl,"$91,542,097","$39,014,193",42.6%,"$52,527,904",57.4%
72,Five Feet Apart,"$91,522,094","$45,729,221",50%,"$45,792,873",50%
73,Rambo: Last Blood,"$91,490,353","$44,819,352",49%,"$46,671,001",51%
74,Jojo Rabbit,"$90,335,025","$33,370,906",36.9%,"$56,964,119",63.1%
75,One Piece: Stampede,"$81,562,741","$1,298,528",1.6%,"$80,264,213",98.4%
76,A Dog's Way Home,"$80,708,134","$42,004,346",52%,"$38,703,788",48%
77,Cold Pursuit,"$76,419,755","$32,138,862",42.1%,"$44,280,893",57.9%
78,A Dog's Journey,"$75,670,834","$22,782,371",30.1%,"$52,888,463",69.9%
79,A Madea Family Funeral,"$74,747,725","$73,257,045",98%,"$1,490,680",2%
80,Cats,"$73,736,092","$27,166,770",36.8%,"$46,569,322",63.2%
81,Charlie's Angels,"$73,279,888","$17,803,077",24.3%,"$55,476,811",75.7%
82,Doctor Sleep,"$72,381,712","$31,581,712",43.6%,"$40,800,000",56.4%
83,What Men Want,"$72,216,294","$54,611,903",75.6%,"$17,604,391",24.4%
84,After,"$69,733,482","$12,138,565",17.4%,"$57,594,917",82.6%
85,Exit,"$69,501,772","$470,699",0.7%,"$69,031,073",99.3%
86,Playing with Fire,"$68,631,669","$44,451,847",64.8%,"$24,179,822",35.2%
87,A Beautiful Day in the Neighborhood,"$67,760,877","$61,704,055",91.1%,"$6,056,822",8.9%
88,War,"$67,179,155","$4,654,000",6.9%,"$62,525,155",93.1%
89,Happy Death Day 2U,"$64,600,152","$28,148,130",43.6%,"$36,452,022",56.4%
90,White Snake,"$61,631,776","$34,730",<0.1%,"$61,597,046",99.9%
91,Ma,"$61,105,672","$45,896,028",75.1%,"$15,209,644",24.9%
92,Bombshell,"$59,636,523","$31,762,808",53.3%,"$27,873,715",46.7%
93,Ready or Not,"$57,615,777","$28,714,231",49.8%,"$28,901,546",50.2%
94,Long Shot,"$53,873,809","$30,316,271",56.3%,"$23,557,538",43.7%
95,Breakthrough,"$50,444,358","$40,713,082",80.7%,"$9,731,276",19.3%
96,Just Mercy,"$50,401,502","$36,001,502",71.4%,"$14,400,000",28.6%
97,Uncut Gems,"$50,023,780","$50,023,780",100%,-,-
98,21 Bridges,"$49,939,757","$28,539,757",57.1%,"$21,400,000",42.9%
99,Little,"$48,987,096","$40,860,481",83.4%,"$8,126,615",16.6%
100,Isn't It Romantic,"$48,791,187","$48,791,187",100%,-,-
101,Countdown,"$48,021,766","$25,621,766",53.4%,"$22,400,000",46.6%
102,Midsommar,"$47,863,365","$27,426,361",57.3%,"$20,437,004",42.7%
103,Queen & Slim,"$47,595,818","$43,808,310",92%,"$3,787,508",8%
104,47 Meters Down: Uncaged,"$46,783,103","$22,260,900",47.6%,"$24,522,203",52.4%
105,Chasing the Dragon II: Wild Wild Bunch,"$45,733,356","$196,634",0.4%,"$45,536,722",99.6%
106,Child's Play,"$44,902,237","$29,208,403",65%,"$15,693,834",35%
107,Hellboy,"$44,664,690","$21,903,748",49%,"$22,760,942",51%
108,Richard Jewell,"$43,745,542","$22,345,542",51.1%,"$21,400,000",48.9%
109,Judy,"$43,613,708","$24,313,888",55.7%,"$19,299,820",44.3%
110,Harriet,"$43,282,155","$43,082,155",99.5%,"$200,000",0.5%
111,The Intruder,"$40,887,246","$35,419,122",86.6%,"$5,468,124",13.4%
112,Fighting with My Family,"$40,810,036","$22,958,886",56.3%,"$17,851,150",43.7%
113,Overcomer,"$38,026,103","$34,746,945",91.4%,"$3,279,158",8.6%
114,Pain and Glory,"$37,137,074","$4,567,338",12.3%,"$32,569,736",87.7%
115,The Bad Guys: The Movie,"$34,024,386","$166,972",0.5%,"$33,857,414",99.5%
116,The Good Liar,"$33,856,058","$17,156,058",50.7%,"$16,700,000",49.3%
117,The Art of Racing in the Rain,"$33,766,787","$26,395,642",78.2%,"$7,371,145",21.8%
118,Bharat,"$33,185,983","$2,971,549",9%,"$30,214,434",91%
119,Brightburn,"$32,893,421","$17,300,439",52.6%,"$15,592,982",47.4%
120,UglyDolls,"$32,450,241","$20,150,241",62.1%,"$12,300,000",37.9%
121,Stuber,"$32,390,945","$22,370,452",69.1%,"$10,020,493",30.9%
122,The Kid Who Would Be King,"$32,140,970","$16,790,790",52.2%,"$15,350,180",47.8%
123,Anna,"$31,640,190","$7,743,794",24.5%,"$23,896,396",75.5%
124,The Wild Goose Lake,"$31,037,956","$12,573",<0.1%,"$31,025,383",100%
125,Gully Boy,"$28,141,995","$5,566,534",19.8%,"$22,575,461",80.2%
126,Total Dhamaal,"$26,911,995","$2,167,632",8.1%,"$24,744,363",91.9%
127,No Manches Frida 2,"$26,493,648","$9,270,920",35%,"$17,222,728",65%
128,Missing Link,"$26,249,469","$16,649,539",63.4%,"$9,599,930",36.6%
129,"The Gangster, the Cop, the Devil","$25,775,371","$216,494",0.8%,"$25,558,877",99.2%
130,Booksmart,"$24,863,452","$22,680,962",91.2%,"$2,182,490",8.8%
131,Super 30,"$24,701,637","$2,269,878",9.2%,"$22,431,759",90.8%
132,The Peanut Butter Falcon,"$23,065,606","$20,457,151",88.7%,"$2,608,455",11.3%
133,Black and Blue,"$22,741,061","$22,055,313",97%,"$685,748",3%
134,The Farewell,"$22,517,864","$17,695,781",78.6%,"$4,822,083",21.4%
135,Late Night,"$22,386,555","$15,499,454",69.2%,"$6,887,101",30.8%
136,Dark Waters,"$21,570,073","$11,136,084",51.6%,"$10,433,989",48.4%
137,Shaft,"$21,360,215","$21,360,215",100%,-,-
138,Hotel Mumbai,"$21,314,816","$9,651,611",45.3%,"$11,663,205",54.7%
139,Unplanned,"$21,051,915","$19,005,109",90.3%,"$2,046,806",9.7%
140,Always Miss You,"$19,015,465","$91,884",0.5%,"$18,923,581",99.5%
141,Greta,"$18,653,107","$10,532,219",56.5%,"$8,120,888",43.5%
142,Peppa Celebrates Chinese New Year,"$18,653,040","$131,225",0.7%,"$18,521,815",99.3%
143,Black Christmas,"$18,529,730","$10,429,730",56.3%,"$8,100,000",43.7%
144,Motherless Brooklyn,"$18,477,736","$9,277,736",50.2%,"$9,200,000",49.8%
145,The Lighthouse,"$18,063,334","$10,867,104",60.2%,"$7,196,230",39.8%
146,Blinded by the Light,"$18,019,198","$11,901,145",66%,"$6,118,053",34%
147,Kalank,"$17,987,034","$2,729,336",15.2%,"$15,257,698",84.8%
148,Fate/stay night [Heaven's Feel] II. lost butterfly,"$17,295,864","$420,595",2.4%,"$16,875,269",97.6%
149,Nothing to Lose 2,"$16,610,713","$1,150,551",6.9%,"$15,460,162",93.1%
150,Tazza: One-Eyed Jack,"$16,572,611","$97,655",0.6%,"$16,474,956",99.4%
151,Poms,"$16,418,218","$13,631,124",83%,"$2,787,094",17%
152,Little Q,"$16,360,233","$1,652",<0.1%,"$16,358,581",100%
153,Playmobil: The Movie,"$16,349,303","$1,115,008",6.8%,"$15,234,295",93.2%
154,The Kitchen,"$15,980,032","$12,180,032",76.2%,"$3,800,000",23.8%
155,Miss Bala,"$15,383,580","$15,006,824",97.6%,"$376,756",2.4%
156,Apollo 11,"$15,342,353","$9,039,891",58.9%,"$6,302,462",41.1%
157,The Dead Don't Die,"$15,321,451","$6,563,605",42.8%,"$8,757,846",57.2%
158,Serenity,"$14,454,622","$8,547,045",59.1%,"$5,907,577",40.9%
159,The Current War: Director's Cut,"$12,282,385","$5,979,540",48.7%,"$6,302,845",51.3%
160,Miss & Mrs. Cops,"$12,147,170","$104,578",0.9%,"$12,042,592",99.1%
161,The Divine Fury,"$11,799,556","$102,982",0.9%,"$11,696,574",99.1%
162,Bring The Soul: The Movie,"$11,393,886","$4,809,800",42.2%,"$6,584,086",57.8%
163,Gloria Bell,"$11,145,006","$5,611,123",50.3%,"$5,533,883",49.7%
164,"Where'd You Go, Bernadette","$10,304,189","$9,198,356",89.3%,"$1,105,833",10.7%
165,The Best of Enemies,"$10,209,813","$10,205,616",100%,"$4,197",<0.1%
166,BTS World Tour: Love Yourself in Seoul,"$10,195,760","$3,509,917",34.4%,"$6,685,843",65.6%
167,The Goldfinch,"$9,932,621","$5,332,621",53.7%,"$4,600,000",46.3%
168,Portrait of a Lady on Fire,"$9,921,185","$3,759,854",37.9%,"$6,161,331",62.1%
169,Arctic Dogs,"$9,891,463","$5,801,249",58.6%,"$4,090,214",41.4%
170,Tod@s Caen,"$9,667,157","$2,670,925",27.6%,"$6,996,232",72.4%
171,Official Secrets,"$9,473,603","$1,988,546",21%,"$7,485,057",79%
172,Promare,"$9,465,371","$2,313,596",24.4%,"$7,151,775",75.6%
173,The Aftermath,"$9,215,591","$1,618,497",17.6%,"$7,597,094",82.4%
174,Tolkien,"$9,090,040","$4,535,154",49.9%,"$4,554,886",50.1%
175,Jexi,"$8,952,550","$6,546,159",73.1%,"$2,406,391",26.9%
176,Captive State,"$8,808,611","$5,958,315",67.6%,"$2,850,296",32.4%
177,The Traitor,"$8,756,847","$296,027",3.4%,"$8,460,820",96.6%
178,Sorry We Missed You,"$8,746,534","$28,273",0.3%,"$8,718,261",99.7%
179,Code Geass: Lelouch of the Re;Surrection 2019 Re-release,"$8,715,612","$522,805",6%,"$8,192,807",94%
180,Pavarotti,"$7,885,016","$4,600,249",58.3%,"$3,284,767",41.7%
181,The Battle of Jangsari,"$7,883,200","$70,853",0.9%,"$7,812,347",99.1%
182,By the Grace of God,"$7,755,652","$67,059",0.9%,"$7,688,593",99.1%
183,Love Live! Sunshine!! The School Idol Movie: Over The Rainbow,"$7,733,048","$34,135",0.4%,"$7,698,913",99.6%
184,Penguins,"$7,699,452","$7,699,452",100%,-,-
185,The White Crow,"$7,622,595","$1,828,784",24%,"$5,793,811",76%
186,Brittany Runs a Marathon,"$7,442,106","$7,189,808",96.6%,"$252,298",3.4%
187,Mayday Life,"$7,435,496","$85,912",1.2%,"$7,349,584",98.8%
188,Wild Rose,"$7,123,449","$1,635,117",23%,"$5,488,332",77%
189,The Sun Is Also a Star,"$6,750,029","$4,950,029",73.3%,"$1,800,000",26.7%
190,Fleabag,"$6,572,099","$326,283",5%,"$6,245,816",95%
191,Run the Race,"$6,424,420","$6,424,420",100%,-,-
192,The Mustang,"$6,405,816","$5,043,620",78.7%,"$1,362,196",21.3%
193,Immortal Hero,"$6,180,032","$43,007",0.7%,"$6,137,025",99.3%
194,"Cyrano, My Love","$5,985,822","$351,019",5.9%,"$5,634,803",94.1%
195,Furie,"$5,717,640","$594,788",10.4%,"$5,122,852",89.6%
196,Saaho,"$5,708,522","$2,872,057",50.3%,"$2,836,465",49.7%
197,Mission Mangal,"$5,667,057","$3,659,413",64.6%,"$2,007,644",35.4%
198,Don't Let Go,"$5,288,011","$5,215,062",98.6%,"$72,949",1.4%
199,The Biggest Little Farm,"$5,248,412","$4,366,949",83.2%,"$881,463",16.8%
200,The Truth,"$5,215,649","$2,777",<0.1%,"$5,212,872",99.9%
201,Forrest Gump 2019 Re-release,"$5,140,828","$203,088",4%,"$4,937,740",96%
202,The Professor and the Madman,"$5,105,195",-,-,"$5,105,195",100%
203,Konosuba!: God's Blessing on This Wonderful World! - Legend of Crimson,"$5,078,942","$1,134,786",22.3%,"$3,944,156",77.7%
204,Menteur,"$4,697,364","$4,697,364",100%,-,-
205,Jay and Silent Bob Reboot,"$4,691,248","$4,589,490",97.8%,"$101,758",2.2%
206,Housefull 4,"$4,624,936","$2,109,160",45.6%,"$2,515,776",54.4%
207,A Hidden Life,"$4,614,219","$1,730,597",37.5%,"$2,883,622",62.5%
208,The Last Black Man in San Francisco,"$4,607,017","$4,515,719",98%,"$91,298",2%
209,The Beach Bum,"$4,554,416","$3,502,600",76.9%,"$1,051,816",23.1%
210,Swift,"$4,428,275",-,-,"$4,428,275",100%
211,Brian Banks,"$4,376,819","$4,376,819",100%,-,-
212,Uri: The Surgical Strike 2019 Re-release,"$4,302,454","$4,186,168",97.3%,"$116,286",2.7%
213,Linda Ronstadt: The Sound of My Voice,"$4,252,657","$4,252,657",100%,-,-
214,Savage,"$4,140,502","$74,491",1.8%,"$4,066,011",98.2%
215,Arctic 2019 Re-release,"$4,124,015","$2,410,795",58.5%,"$1,713,220",41.5%
216,Junglee,"$4,033,587","$295,784",7.3%,"$3,737,803",92.7%
217,Lucifer,"$3,956,978",-,-,"$3,956,978",100%
218,Ride Your Wave,"$3,927,015","$332,432",8.5%,"$3,594,583",91.5%
219,Western Stars,"$3,681,681","$1,581,681",43%,"$2,100,000",57%
220,Badla,"$3,590,894","$1,861,000",51.8%,"$1,729,894",48.2%
221,The Oscar Nominated Short Films 2019: Documentary,"$3,538,550","$3,531,094",99.8%,"$7,456",0.2%
222,Ek Ladki Ko Dekha Toh Aisa Laga,"$3,531,837","$1,182,636",33.5%,"$2,349,201",66.5%
223,Faustina: Love and Mercy,"$3,498,887","$2,243,180",64.1%,"$1,255,707",35.9%
224,Maiden,"$3,495,241","$3,168,978",90.7%,"$326,263",9.3%
225,The Aeronauts,"$3,472,708",-,-,"$3,472,708",100%
226,Bacurau,"$3,463,910","$58,115",1.7%,"$3,405,795",98.3%
227,Midnight Diner,"$3,412,771","$18,555",0.5%,"$3,394,216",99.5%
228,Friends 25th: The One With The Anniversary,"$3,403,406","$2,884,827",84.8%,"$518,579",15.2%
229,Honey Boy,"$3,400,977","$3,012,615",88.6%,"$388,362",11.4%
230,The Hole in the Ground,"$3,373,474","$21,072",0.6%,"$3,352,402",99.4%
231,Echo in the Canyon,"$3,355,324","$3,355,324",100%,-,-
232,The Death & Life of John F. Donovan,"$3,326,364","$152,713",4.6%,"$3,173,651",95.4%
233,Chhichhore,"$3,307,350","$2,004,400",60.6%,"$1,302,950",39.4%
234,Marianne & Leonard: Words of Love,"$3,271,888","$1,012,034",30.9%,"$2,259,854",69.1%
235,Pilgrim's Progress,"$3,173,282","$1,294,596",40.8%,"$1,878,686",59.2%
236,All Is True,"$3,019,143","$1,200,481",39.8%,"$1,818,662",60.2%
237,After the Wedding,"$2,790,020","$1,574,258",56.4%,"$1,215,762",43.6%
238,Children of the Sea,"$2,789,668",-,-,"$2,789,668",100%
239,Diego Maradona,"$2,656,890",-,-,"$2,656,890",100%
240,Kinky Boots: The Musical,"$2,635,571","$900,451",34.2%,"$1,735,120",65.8%
241,Metallica & San Francisco Symphony - S&M2,"$2,582,847","$1,252,385",48.5%,"$1,330,462",51.5%
242,The Informer,"$2,579,970",-,-,"$2,579,970",100%
243,Spirits in the Forest,"$2,531,785","$704,744",27.8%,"$1,827,041",72.2%
244,The Art of Self-Defense,"$2,414,269","$2,410,914",99.9%,"$3,355",0.1%
245,Sound! Euphonium the Movie - Our Promise: A Brand New Day,"$2,403,030","$90,341",3.8%,"$2,312,689",96.2%
246,Piranhas,"$2,298,525","$23,494",1%,"$2,275,031",99%
247,3 from Hell,"$2,295,825","$2,172,949",94.6%,"$122,876",5.4%
248,Luce,"$2,268,204","$2,010,613",88.6%,"$257,591",11.4%
249,Gone with the Wind 2019 Re-release,"$2,176,120","$2,176,120",100%,-,-
250,The Wizard of Oz 2019 Re-release,"$2,097,514","$2,076,020",99%,"$21,494",1%
251,Waves,"$2,088,217","$1,658,790",79.4%,"$429,427",20.6%
252,42nd Street: The Musical,"$1,967,450","$187,440",9.5%,"$1,780,010",90.5%
253,Luka Chuppi,"$1,923,586","$1,042,905",54.2%,"$880,681",45.8%
254,Fantastic Fungi,"$1,864,309","$1,788,322",95.9%,"$75,987",4.1%
255,The Other Side of Heaven 2: Fire of Faith,"$1,807,216","$1,807,216",100%,-,-
256,Polaroid,"$1,772,204",-,-,"$1,772,204",100%
257,Invisible Life,"$1,759,150","$146,535",8.3%,"$1,612,615",91.7%
258,Matthias & Maxime,"$1,730,255","$374,739",21.7%,"$1,355,516",78.3%
259,The Souvenir,"$1,719,157","$1,036,737",60.3%,"$682,420",39.7%
260,La femme de mon frère,"$1,671,969","$539,524",32.3%,"$1,132,445",67.7%
261,Student of the Year 2,"$1,635,907","$778,566",47.6%,"$857,341",52.4%
262,Deerskin,"$1,615,875",-,-,"$1,615,875",100%
263,Monos,"$1,594,195","$406,473",25.5%,"$1,187,722",74.5%
264,The Crossing,"$1,589,212","$90,896",5.7%,"$1,498,316",94.3%
265,Beanpole,"$1,587,651","$196,258",12.4%,"$1,391,393",87.6%
266,Teen Spirit,"$1,573,601","$441,366",28%,"$1,132,235",72%
267,The Kid,"$1,553,483","$1,508,593",97.1%,"$44,890",2.9%
268,Tel Aviv on Fire,"$1,548,893","$506,145",32.7%,"$1,042,748",67.3%
269,The Chaperone,"$1,541,223","$600,654",39%,"$940,569",61%
270,De De Pyaar De,"$1,473,116","$425,934",28.9%,"$1,047,182",71.1%
271,It 2019 Re-release,"$1,414,696","$1,347,126",95.2%,"$67,570",4.8%
272,El Chicano,"$1,404,646","$1,400,603",99.7%,"$4,043",0.3%
273,For Sama,"$1,396,596","$43,796",3.1%,"$1,352,800",96.9%
274,Alien 2019 Re-release,"$1,356,259","$833,658",61.5%,"$522,601",38.5%
275,Roger Waters - Us + Them,"$1,294,480","$611,644",47.3%,"$682,836",52.7%
276,Fagara,"$1,265,949","$43,417",3.4%,"$1,222,532",96.6%
277,Batla House,"$1,264,337","$493,180",39%,"$771,157",61%
278,BTS World Tour 'Love Yourself: Speak Yourself' (The Final) Seoul Live Viewing,"$1,226,552","$1,226,552",100%,-,-
279,Kingdom Men Rising,"$1,188,936","$1,188,936",100%,-,-
280,Los Domirriqueños 2,"$1,187,280","$1,187,280",100%,-,-
281,National Theater Live: Cyrano de Bergerac,"$1,173,512","$86,300",7.4%,"$1,087,212",92.6%
282,Honeyland,"$1,170,207","$815,082",69.7%,"$355,125",30.3%
283,The Goonies 2019 Re-release,"$1,148,405","$864,378",75.3%,"$284,027",24.7%
284,The Song of Names,"$1,138,700","$1,077,584",94.6%,"$61,116",5.4%
285,My Neighbor Totoro 2019 Re-release,"$1,105,703","$1,105,564",100%,$139,<0.1%
286,El Coyote,"$1,101,470","$1,101,470",100%,-,-
287,The Sky Is Pink,"$1,088,641","$652,592",59.9%,"$436,049",40.1%
288,Jesus Is King,"$1,082,629","$973,000",89.9%,"$109,629",10.1%
289,Mystify: Michael Hutchence,"$1,082,456","$289,573",26.8%,"$792,883",73.2%
290,Bennett's War,"$1,056,416","$1,056,416",100%,-,-
291,Noah,"$1,035,603","$1,035,603",100%,-,-
292,Cold Blood,"$1,009,888","$5,083",0.5%,"$1,004,805",99.5%
293,Kiki's Delivery Service 2019 Re-release,"$1,004,057","$1,004,057",100%,-,-
294,Photograph,"$996,171","$344,534",34.6%,"$651,637",65.4%
295,American Masters: Miles Davis: Birth of the Cool,"$984,499","$614,201",62.4%,"$370,298",37.6%
296,Rush: Cinema Strangiato 2019,"$960,073","$960,073",100%,-,-
297,The Fighting Preacher,"$954,641","$954,641",100%,-,-
298,Dirty Dancing 2019 Re-release,"$928,944","$622,968",67.1%,"$305,976",32.9%
299,Toni Morrison: The Pieces I Am,"$927,495","$903,018",97.4%,"$24,477",2.6%
300,The Game Changers,"$897,992","$739,711",82.4%,"$158,281",17.6%
301,The Nightingale,"$885,916","$400,209",45.2%,"$485,707",54.8%
302,The Hummingbird Project,"$876,980","$371,784",42.4%,"$505,196",57.6%
303,Between Me and My Mind,"$875,191","$875,191",100%,-,-
304,Howl's Moving Castle 2019 Re-release,"$865,647","$865,647",100%,-,-
305,Steel Magnolias 2019 Re-release,"$855,421","$855,421",100%,-,-
306,Joni 75: A Birthday Celebration,"$808,831","$752,205",93%,"$56,626",7%
307,The Whistlers,"$799,694","$55,608",7%,"$744,086",93%
308,Vita & Virginia,"$793,439","$42,741",5.4%,"$750,698",94.6%
309,Chonda Pierce: Unashamed,"$787,979","$787,979",100%,-,-
310,The Church,"$772,000","$772,000",100%,-,-
311,DanTDM Presents The Contest,"$765,363","$307,484",40.2%,"$457,879",59.8%
312,Patterns of Evidence: Moses Controversy,"$765,361","$765,361",100%,-,-
313,I Love Lucy: A Colorized Celebration,"$754,323","$754,323",100%,-,-
314,David Crosby: Remember My Name,"$732,793","$732,793",100%,-,-
315,Where's My Roy Cohn?,"$722,603","$705,274",97.6%,"$17,329",2.4%
316,Frankie,"$695,680","$171,781",24.7%,"$523,899",75.3%
317,The Least of These: The Graham Staines Story,"$695,164","$607,015",87.3%,"$88,149",12.7%
318,Raise Hell: The Life & Times of Molly Ivins,"$694,410","$694,410",100%,-,-
319,Romeo Akbar Walter,"$688,719","$236,299",34.3%,"$452,420",65.7%
320,Bethany Hamilton: Unstoppable,"$684,078","$590,671",86.3%,"$93,407",13.7%
321,Stockholm,"$665,527","$292,590",44%,"$372,937",56%
322,The Public,"$644,740","$573,503",89%,"$71,237",11%
323,Aquarela,"$638,907","$307,346",48.1%,"$331,561",51.9%
324,Asako I & II,"$627,102","$25,559",4.1%,"$601,543",95.9%
325,Give Me Liberty,"$624,445","$242,734",38.9%,"$381,711",61.1%
326,Nancy Drew and the Hidden Staircase,"$623,088","$623,088",100%,-,-
327,Killerman,"$614,366","$291,477",47.4%,"$322,889",52.6%
328,The Muppet Movie 2019 Re-release,"$610,475","$610,475",100%,-,-
329,Bolshoi Ballet: The Sleeping Beauty,"$606,872","$311,368",51.3%,"$295,504",48.7%
330,The Golden Glove,"$604,479","$6,160",1%,"$598,319",99%
331,To Kill a Mockingbird 2019 Re-release,"$592,237","$592,237",100%,-,-
332,The Cure: Anniversary 1978-2018 Live in Hyde Park,"$591,904","$378,405",63.9%,"$213,499",36.1%
333,The Wonderland,"$591,857","$50,876",8.6%,"$540,981",91.4%
334,Seberg,"$585,845","$434,702",74.2%,"$151,143",25.8%
335,The Painted Bird,"$577,566",-,-,"$577,566",100%
336,Light of My Life,"$573,790","$20,056",3.5%,"$553,734",96.5%
337,My Fair Lady 2019 Re-release,"$560,711","$560,711",100%,-,-
338,Fiddler: A Miracle of Miracles,"$558,816","$549,386",98.3%,"$9,430",1.7%
339,"DCI 2019: Big, Loud & Live 16","$546,060","$546,060",100%,-,-
340,The Day Shall Come,"$543,993","$26,972",5%,"$517,021",95%
341,Grateful Dead Meet-Up 2019,"$537,153","$537,153",100%,-,-
342,CatVideoFest,"$536,566","$470,923",87.8%,"$65,643",12.2%
343,Margaret Atwood: Live in Cinemas,"$529,285","$93,690",17.7%,"$435,595",82.3%
344,The Audience 2019 Re-release,"$523,432","$106,529",20.4%,"$416,903",79.6%
345,Bolshoi Ballet: Carmen Suite/Petrushka,"$522,179","$207,523",39.7%,"$314,656",60.3%
346,The Spy Behind Home Plate,"$519,525","$519,525",100%,-,-
347,Wild Nights with Emily,"$519,487","$519,487",100%,-,-
348,Saving Private Ryan 2019 Re-release,"$508,694","$508,694",100%,-,-
349,Synonyms,"$501,223","$206,003",41.1%,"$295,220",58.9%
350,Whisper of the Heart 2019 Re-release,"$498,156","$498,156",100%,-,-
351,Nausicaä of the Valley of the Wind 2019 Re-release,"$495,770","$495,770",100%,-,-
352,Monty Python's Life of Brian 2019 Re-release,"$493,971","$161,507",32.7%,"$332,464",67.3%
353,The Russian Five,"$485,049","$485,049",100%,-,-
354,Lawrence of Arabia 2019 Re-release,"$482,281","$482,281",100%,-,-
355,Liam Gallagher: As It Was,"$477,009",-,-,"$477,009",100%
356,"A White, White Day","$471,552",-,-,"$471,552",100%
357,Hail Satan?,"$467,361","$424,284",90.8%,"$43,077",9.2%
358,Christmas Jars,"$459,462","$459,462",100%,-,-
359,Cruel Intentions 2019 Re-release,"$445,218","$445,218",100%,-,-
360,What We Left Behind: Star Trek DS9,"$434,437","$382,457",88%,"$51,980",12%
361,Ghostbusters 2019 Re-release,"$430,435","$369,612",85.9%,"$60,823",14.1%
362,Killing Sarai,"$425,332","$425,332",100%,-,-
363,Ben-Hur 2019 Re-release,"$422,622","$422,622",100%,-,-
364,The Cold Blue,"$420,177","$420,177",100%,-,-
365,The Reliant,"$408,747","$408,747",100%,-,-
366,"Hello, Dolly!","$400,881","$400,881",100%,-,-
367,The Shawshank Redemption 2019 Re-release,"$387,095","$358,507",92.6%,"$28,588",7.4%
368,The Wedding Guest,"$386,166","$386,166",100%,-,-
369,The Secret World of Arrietty 2019 Re-release,"$384,289","$384,289",100%,-,-
370,Great Performances at the Met: Puccini: Turandot,"$375,295",-,-,"$375,295",100%
371,INXS: Baby Live at Wembly Stadium,"$366,425","$161,750",44.1%,"$204,675",55.9%
372,Lords of Chaos,"$365,353","$253,184",69.3%,"$112,169",30.7%
373,Clemency,"$364,716","$364,716",100%,-,-
374,The Tobacconist,"$360,996",-,-,"$360,996",100%
375,K-12,"$359,377","$303,230",84.4%,"$56,147",15.6%
376,The Tomorrow Man,"$354,103","$354,103",100%,-,-
377,Star Trek: The Motion Picture 2019 Re-release,"$346,243","$346,243",100%,-,-
378,Triple Threat,"$345,900","$76,289",22.1%,"$269,611",77.9%
379,Is It Wrong to Try to Pick Up Girls in a Dungeon - Arrow of the Orion,"$338,632","$271,489",80.2%,"$67,143",19.8%
380,Freaks,"$338,283","$276,591",81.8%,"$61,692",18.2%
381,First Love,"$336,756","$218,329",64.8%,"$118,427",35.2%
382,Diane,"$336,166","$336,166",100%,-,-
383,Anthropocene: The Human Epoch,"$334,162","$104,806",31.4%,"$229,356",68.6%
384,A Silent Voice: The Movie 2019 Re-release,"$333,984","$333,984",100%,-,-
385,The Big Fight Live: IBF Welterweight Title: Errol Spence Jr. vs. Mikey Garcia,"$328,979","$328,979",100%,-,-
386,Lucy in the Sky,"$325,950","$319,976",98.2%,"$5,974",1.8%
387,Sword of Trust,"$323,369","$322,421",99.7%,$948,0.3%
388,Woodstock,"$320,610","$126,562",39.5%,"$194,048",60.5%
389,Cunningham,"$320,293","$265,102",82.8%,"$55,191",17.2%
390,Meeting Gorbachev,"$319,230","$251,837",78.9%,"$67,393",21.1%
391,You Are Here: A Come From Away Story,"$318,885","$318,885",100%,-,-
392,Ask Dr. Ruth,"$318,230","$297,195",93.4%,"$21,035",6.6%
393,Josh Groban Bridges Live from Madison Square Garden,"$315,173","$315,173",100%,-,-
394,Plácido Domingo Gala,"$311,246","$52,502",16.9%,"$258,744",83.1%
395,The Third Wife,"$305,755","$84,933",27.8%,"$220,822",72.2%
396,Cliffs of Freedom,"$300,842","$72,476",24.1%,"$228,366",75.9%
397,Beats,"$295,231",-,-,"$295,231",100%
398,Shakira in Concert: El Dorado World Tour,"$294,677","$271,586",92.2%,"$23,091",7.8%
399,The Giant Spider Invasion,"$293,053","$293,053",100%,-,-
400,The Zoya Factor,"$289,631","$128,831",44.5%,"$160,800",55.5%
401,Saga of Tanya the Evil - The Movie,"$288,460","$288,460",100%,-,-
402,Khalid: Free Spirit,"$284,229","$284,229",100%,-,-
403,Mike Wallace Is Here,"$281,245","$281,245",100%,-,-
404,Octaman,"$280,710","$280,710",100%,-,-
405,Bolshoi Ballet: The Golden Age,"$277,666","$171,916",61.9%,"$105,750",38.1%
406,See You Soon,"$277,126",-,-,"$277,126",100%
407,True Grit 2019 Re-release,"$276,418","$276,418",100%,-,-
408,Slayer: The Repentless Killogy,"$272,874","$268,727",98.5%,"$4,147",1.5%
409,One Child Nation,"$271,841","$270,128",99.4%,"$1,713",0.6%
410,Luzia: Cirque du Soleil in Cinema,"$265,673","$265,673",100%,-,-
411,Out of Liberty,"$265,279","$265,279",100%,-,-
412,Asbury Park: Riot Redemption Rock 'n Roll,"$264,983","$167,684",63.3%,"$97,299",36.7%
413,Her Smell,"$260,481","$255,599",98.1%,"$4,882",1.9%
414,Star Raiders: The Adventures of Saber Raine,"$260,234","$260,234",100%,-,-
415,The Cave,"$258,921","$62,625",24.2%,"$196,296",75.8%
416,I Got the Hook Up 2,"$252,293","$252,293",100%,-,-
417,Canal Street,"$251,917","$251,917",100%,-,-
418,The Twilight Zone: A 60th Anniversary Celebration,"$248,514","$248,514",100%,-,-
419,Doctor Who: The End of Time: Part One,"$247,798","$247,798",100%,-,-
420,American Woman,"$245,416","$236,637",96.4%,"$8,779",3.6%
421,Out of Blue,"$242,847","$18,779",7.7%,"$224,068",92.3%
422,Play the Flute,"$241,251","$241,251",100%,-,-
423,311 Enlarged to Show Detail 3,"$238,791","$238,791",100%,-,-
424,Varda by Agnès,"$235,699","$160,765",68.2%,"$74,934",31.8%
425,India's Most Wanted,"$235,351","$176,858",75.1%,"$58,493",24.9%
426,Premier Boxing Champions: PBC on FOX: Spence vs. Porter,"$232,973","$232,973",100%,-,-
427,DAZN Boxing: Canelo Alvarez vs. Daniel Jacobs,"$230,703","$230,703",100%,-,-
428,Ophelia,"$229,405","$50,722",22.1%,"$178,683",77.9%
429,Mine 9,"$226,421","$226,421",100%,-,-
430,Millennium Actress 2019 Re-release,"$225,250","$225,250",100%,-,-
431,The Last Tree,"$224,751","$6,203",2.8%,"$218,548",97.2%
432,Extra Ordinary,"$223,898","$164,346",73.4%,"$59,552",26.6%
433,Premier Boxing Champions: PBC on FOX PPV: Pacquiao vs. Thurman,"$223,858","$223,858",100%,-,-
434,Never Surrender: A Galaxy Quest Documentary,"$222,971","$222,971",100%,-,-
435,The Karate Kid 2019 Re-release,"$215,447","$215,447",100%,-,-
436,Hamlet 2019 Re-release,"$214,578","$214,578",100%,-,-
437,Tigers Are Not Afraid 2019 Re-release,"$210,138","$175,559",83.5%,"$34,579",16.5%
438,"Faith, Hope & Love","$210,091","$210,091",100%,-,-
439,Kathy Griffin: A Hell of a Story,"$208,907","$208,907",100%,-,-
440,Batman 2019 Re-release,"$207,901","$159,419",76.7%,"$48,482",23.3%
441,The Iron Orchard,"$204,881","$204,881",100%,-,-
442,Working Woman,"$204,727","$64,048",31.3%,"$140,679",68.7%
443,Hesburgh,"$204,709","$204,709",100%,-,-
444,Blink of an Eye,"$201,874","$201,874",100%,-,-
445,Zombi Child,"$200,909","$25,878",12.9%,"$175,031",87.1%
446,Little Joe,"$196,960","$23,862",12.1%,"$173,098",87.9%
447,Family,"$194,601","$194,601",100%,-,-
448,Mr. Klein,"$193,028","$193,028",100%,-,-
449,The Divine Plan,"$190,031","$190,031",100%,-,-
450,Buñuel in the Labyrinth of the Turtles,"$185,675","$36,205",19.5%,"$149,470",80.5%
451,To Dust,"$184,495","$184,495",100%,-,-
452,The River and the Wall,"$183,602","$183,602",100%,-,-
453,Giant Little Ones,"$181,507","$181,507",100%,-,-
454,Rafiki,"$181,316","$137,968",76.1%,"$43,348",23.9%
455,Walking on Water,"$178,119","$102,140",57.3%,"$75,979",42.7%
456,Modest Heroes,"$178,027","$178,027",100%,-,-
457,The Warrior Queen of Jhansi,"$177,289","$177,289",100%,-,-
458,"Iyengar: The Man, Yoga, and the Student's Journey","$176,387","$176,387",100%,-,-
459,Them That Follow,"$172,952","$159,218",92.1%,"$13,734",7.9%
460,Little Woods,"$171,912","$150,010",87.3%,"$21,902",12.7%
461,Palau the Movie,"$171,155","$134,696",78.7%,"$36,459",21.3%
462,Britt-Marie Was Here,"$168,862","$36,549",21.6%,"$132,313",78.4%
463,Bright Ones,"$165,627","$165,627",100%,-,-
464,The Chambermaid,"$164,531","$86,422",52.5%,"$78,109",47.5%
465,Halston,"$163,446","$151,991",93%,"$11,455",7%
466,"Diana Ross: Her Life, Love and Legacy","$160,968","$160,968",100%,-,-
467,Money,"$155,732","$155,732",100%,-,-
468,Before You Know It,"$151,507","$151,507",100%,-,-
469,Jay Myself,"$151,331","$151,331",100%,-,-
470,Glory 2019 Re-release,"$150,801","$150,801",100%,-,-
471,Piercing,"$149,211","$15,856",10.6%,"$133,355",89.4%
472,The Kingmaker,"$148,611","$122,587",82.5%,"$26,024",17.5%
473,Trial by Fire,"$148,504","$148,504",100%,-,-
474,War and Peace,"$148,503","$148,503",100%,-,-
475,Driven,"$147,172",-,-,"$147,172",100%
476,Citizen K,"$145,941","$120,411",82.5%,"$25,530",17.5%
477,Framing John DeLorean,"$145,625","$145,625",100%,-,-
478,Doctor Who: Logopolis,"$143,248","$143,248",100%,-,-
479,Branagh Theatre Live: The Winter's Tale,"$141,143","$141,143",100%,-,-
480,Canelo vs. Kovalev,"$140,820","$140,820",100%,-,-
481,Wilder vs. Ortiz,"$139,207","$139,207",100%,-,-
482,Who Will Write Our History,"$138,868","$138,039",99.4%,$829,0.6%
483,Lynryd Skynyrd: Last of the Street Survivors Farewell Tour,"$137,888","$137,888",100%,-,-
484,Sonchiriya,"$135,413","$86,765",64.1%,"$48,648",35.9%
485,The Other Story,"$135,191","$135,191",100%,-,-
486,Made in Abyss: Journey's Dawn,"$134,194","$134,047",99.9%,$147,0.1%
487,Be Natural: The Untold Story of Alice Guy-Blaché,"$133,951","$115,685",86.4%,"$18,266",13.6%
488,The Wind,"$130,974","$28,252",21.6%,"$102,722",78.4%
489,Mister America,"$130,897","$130,897",100%,-,-
490,Section 375,"$129,916",-,-,"$129,916",100%
491,Paris Is Burning 2019 Re-release,"$125,677","$125,677",100%,-,-
492,This Changes Everything,"$125,348","$64,988",51.8%,"$60,360",48.2%
493,Mary Magdalene 2019 Re-release,"$124,741","$124,741",100%,-,-
494,A Tuba to Cuba,"$124,592","$121,772",97.7%,"$2,820",2.3%
495,Easy Rider 2019 Re-release,"$123,276","$123,276",100%,-,-
496,Tremors,"$121,813","$23,911",19.6%,"$97,902",80.4%
497,Avant qu'on explose,"$119,894","$119,894",100%,-,-
498,Skin,"$116,863",-,-,"$116,863",100%
499,Mob Psycho 100,"$115,766","$115,766",100%,-,-
500,The Woman Who Loves Giraffes,"$113,858","$113,858",100%,-,-
501,Police Story,"$113,164","$113,164",100%,-,-
502,Babylon,"$109,749","$109,749",100%,-,-
503,The Brink,"$106,057","$106,057",100%,-,-
504,Cold Case Hammarskjöld,"$104,965","$104,965",100%,-,-
505,Hotel by the River,"$101,879","$28,354",27.8%,"$73,525",72.2%
506,Those Who Remained,"$101,737",-,-,"$101,737",100%
507,QT8: The First Eight,"$101,616","$51,896",51.1%,"$49,720",48.9%
508,Heavy Water,"$99,503","$55,446",55.7%,"$44,057",44.3%
509,High Strung Free Dance 2019 Re-release,"$98,481","$83,891",85.2%,"$14,590",14.8%
510,Charlie Says,"$98,240","$40,685",41.4%,"$57,555",58.6%
511,Prassthanam,"$97,204","$19,984",20.6%,"$77,220",79.4%
512,Little Monsters,"$97,111",-,-,"$97,111",100%
513,Saint Judy,"$96,212","$78,935",82%,"$17,277",18%
514,A Bigger Splash 2019 Re-release,"$95,826","$95,826",100%,-,-
515,The Final Wish,"$95,215","$25,183",26.4%,"$70,032",73.6%
516,Papi Chulo,"$94,321","$84,703",89.8%,"$9,618",10.2%
517,Mapplethorpe,"$91,002","$91,002",100%,-,-
518,Loopers: The Caddie's Long Walk,"$90,679","$90,679",100%,-,-
519,The Lumber Baron,"$88,336","$88,336",100%,-,-
520,Jim Allison: Breakthrough,"$87,984","$87,984",100%,-,-
521,Rosie,"$87,788","$6,839",7.8%,"$80,949",92.2%
522,ECCO,"$86,858","$86,858",100%,-,-
523,Vault,"$86,741","$29,491",34%,"$57,250",66%
524,Skid Row Marathon,"$84,997","$84,997",100%,-,-
525,Woodstock,"$84,440","$84,440",100%,-,-
526,The Disappearance of My Mother,"$83,930","$24,951",29.7%,"$58,979",70.3%
527,Prey,"$82,258",-,-,"$82,258",100%
528,Kind Hearts and Coronets 2019 Re-release,"$80,795","$35,948",44.5%,"$44,847",55.5%
529,Batman Returns 2019 Re-release,"$80,699","$70,642",87.5%,"$10,057",12.5%
530,Ms. Purple,"$80,657","$80,657",100%,-,-
531,Armstrong,"$80,169","$19,740",24.6%,"$60,429",75.4%
532,End of the Century,"$79,607","$66,309",83.3%,"$13,298",16.7%
533,Christ Stopped at Eboli,"$78,736","$78,736",100%,-,-
534,Fast Colour,"$76,916","$76,916",100%,-,-
535,Greener Grass,"$76,045","$51,456",67.7%,"$24,589",32.3%
536,5B,"$72,968","$72,968",100%,-,-
537,Free Trip to Egypt 2019 Re-release,"$71,087","$71,087",100%,-,-
538,Last Year at Marienbad 2019 Re-release,"$68,402","$63,425",92.7%,"$4,977",7.3%
539,¡He matado a mi marido!,"$68,017","$45,777",67.3%,"$22,240",32.7%
540,Being Frank,"$67,343","$67,343",100%,-,-
541,Making Waves: The Art of Cinematic Sound,"$63,998","$53,144",83%,"$10,854",17%
542,"Love, Antosha","$62,900","$50,168",79.8%,"$12,732",20.2%
543,The Mountain,"$61,035","$61,035",100%,-,-
544,John Fogerty: 50 Year Trip - Live at Red Rocks,"$59,795","$59,795",100%,-,-
545,Notebook,"$56,166",-,-,"$56,166",100%
546,Midnight Family,"$51,712","$42,310",81.8%,"$9,402",18.2%
547,Clinton Road,"$50,400","$50,400",100%,-,-
548,Midnight Traveler,"$50,336","$41,265",82%,"$9,071",18%
549,Free Trip to Egypt,"$49,693","$49,693",100%,-,-
550,The Bounty Killer,"$48,815","$48,815",100%,-,-
551,The Queen,"$47,818","$47,818",100%,-,-
552,The Raft,"$47,269","$39,678",83.9%,"$7,591",16.1%
553,High on the Hog,"$45,696","$45,696",100%,-,-
554,The Proposal,"$45,149","$45,149",100%,-,-
555,Celebration,"$44,898","$22,557",50.2%,"$22,341",49.8%
556,What Is Democracy?,"$44,536","$44,536",100%,-,-
557,Maze 2019 Re-release,"$44,381","$44,381",100%,-,-
558,What You Gonna Do When the World's on Fire?,"$44,290","$4,672",10.5%,"$39,618",89.5%
559,Carmine Street Guitars,"$44,253","$44,253",100%,-,-
560,Slut in a Good Way,"$44,240","$40,513",91.6%,"$3,727",8.4%
561,Our Time,"$42,107","$14,777",35.1%,"$27,330",64.9%
562,Union,"$41,656","$41,656",100%,-,-
563,Why Don't You Just Die!,"$40,995",-,-,"$40,995",100%
564,Aniara,"$40,124","$40,124",100%,-,-
565,Zilla and Zoe,"$39,003","$39,003",100%,-,-
566,Shed of the Dead,"$38,901","$38,901",100%,-,-
567,Batman Forever 2019 Re-release,"$38,387","$38,014",99%,$373,1%
568,Memory: The Origins of Alien,"$37,272","$31,378",84.2%,"$5,894",15.8%
569,The Quiet One,"$37,010","$37,010",100%,-,-
570,The Death of Dick Long,"$36,856","$36,856",100%,-,-
571,Loro,"$35,613","$35,613",100%,-,-
572,Ága,"$35,178","$35,178",100%,-,-
573,Killer Unicorn,"$33,901","$33,901",100%,-,-
574,Moonlight Sonata: Deafness in Three Movements,"$33,823","$33,823",100%,-,-
575,An Acceptable Loss,"$32,427","$32,427",100%,-,-
576,10E,"$32,413","$32,413",100%,-,-
577,Shooting the Mafia,"$32,042","$10,881",34%,"$21,161",66%
578,Desolation Center,"$32,016","$32,016",100%,-,-
579,Gift,"$31,588","$31,588",100%,-,-
580,The Cat Rescuers,"$31,540","$31,540",100%,-,-
581,Buddy,"$31,203","$31,203",100%,-,-
582,Pasolini 2019 Re-release,"$30,757","$30,757",100%,-,-
583,Los Reyes,"$30,418","$30,418",100%,-,-
584,Lionel Richie at Glastonbury,"$30,123","$30,123",100%,-,-
585,The Perfect Race,"$29,644","$29,644",100%,-,-
586,The Ground Beneath My Feet,"$29,251","$29,251",100%,-,-
587,Batman & Robin 2019 Re-release,"$28,793","$28,597",99.3%,$196,0.7%
588,The Load,"$28,410","$28,410",100%,-,-
589,El Norte 2019 Re-release,"$27,920","$27,920",100%,-,-
590,Bauhaus Spirit: 100 Years of Bauhaus,"$27,768","$17,122",61.7%,"$10,646",38.3%
591,"Leaving Home, Coming Home: A Portrait of Robert Frank","$27,073","$27,073",100%,-,-
592,Wrestle,"$26,597","$26,597",100%,-,-
593,Donnybrook,"$26,284","$26,284",100%,-,-
594,Strike,"$24,743","$15,758",63.7%,"$8,985",36.3%
595,Hyenas,"$24,672","$24,672",100%,-,-
596,The Aspern Papers,"$24,554","$9,277",37.8%,"$15,277",62.2%
597,Chasing Einstein,"$24,057","$24,057",100%,-,-
598,Robert the Bruce,"$23,425",-,-,"$23,425",100%
599,Ode to Joy,"$22,594","$17,303",76.6%,"$5,291",23.4%
600,The Sound of Silence,"$21,994","$20,013",91%,"$1,981",9%
601,Wicked Witches,"$21,600","$21,600",100%,-,-
602,Round of Your Life,"$20,941","$20,941",100%,-,-
603,General Magic,"$20,046","$20,046",100%,-,-
604,The Gospel of Eureka,"$20,039","$20,039",100%,-,-
605,Scandalous: The True Story of the National Enquirer,"$18,759","$18,759",100%,-,-
606,Before Stonewall,"$18,724","$18,724",100%,-,-
607,The Return of Martin Guerre 2019 Re-release,"$18,603","$18,603",100%,-,-
608,"Phoenix, Oregon","$18,356","$18,356",100%,-,-
609,The Cranes Are Flying,"$17,923","$17,923",100%,-,-
610,Chained for Life,"$17,431","$17,431",100%,-,-
611,Joseph Pulitzer: Voice of the People,"$16,970","$16,970",100%,-,-
612,Virginia Minnesota,"$16,118","$16,118",100%,-,-
613,Starfish,"$15,849","$15,849",100%,-,-
614,Trinity Seven The Movie 2: Heavens Library & Crimson Lord,"$15,712","$15,712",100%,-,-
615,The Competition 2019 Re-release,"$15,622","$15,622",100%,-,-
616,Stuffed,"$15,532","$15,532",100%,-,-
617,Between the Lines,"$15,383","$15,383",100%,-,-
618,Funan,"$15,152","$15,152",100%,-,-
619,Wrinkles the Clown,"$14,938","$14,938",100%,-,-
620,ZZ Top: That Little Ol' Band from Texas,"$14,879","$14,879",100%,-,-
621,My Son 2019 Re-release,"$14,450","$14,450",100%,-,-
622,Combat Obscura,"$14,242","$14,242",100%,-,-
623,Screwball,"$13,967","$13,967",100%,-,-
624,Genesis,"$13,856","$6,784",49%,"$7,072",51%
625,This One's for the Ladies,"$13,688","$13,688",100%,-,-
626,Rapid Response,"$13,294","$13,294",100%,-,-
627,Off Season,"$12,544","$12,544",100%,-,-
628,Bricked,"$12,201","$12,201",100%,-,-
629,Zen for Nothing,"$12,107","$12,107",100%,-,-
630,Imprisoned,"$12,050","$12,050",100%,-,-
631,Quartet,"$12,042","$12,042",100%,-,-
632,"Cassandro, The Exotico!","$11,897","$11,897",100%,-,-
633,In Like Flynn,"$11,255","$11,255",100%,-,-
634,Made Me Do It,"$11,151","$11,151",100%,-,-
635,Suburban Birds,"$10,997","$10,997",100%,-,-
636,If the Dancer Dances,"$10,912","$10,912",100%,-,-
637,Vision Portraits,"$10,771","$10,771",100%,-,-
638,When Lambs Become Lions,"$10,197","$9,337",91.6%,$860,8.4%
639,Olivia,"$9,934","$9,934",100%,-,-
640,Streetwise,"$9,904","$9,904",100%,-,-
641,The Spanish Prisoner 2019 Re-release,"$9,589","$9,589",100%,-,-
642,Fritz Lang's Indian Epic 2019 re-release,"$9,345","$9,345",100%,-,-
643,A Dark Place,"$9,212",-,-,"$9,212",100%
644,Cracked Up,"$9,197","$9,197",100%,-,-
645,Frantz Fanon: Black Skin White Mask,"$9,025","$9,025",100%,-,-
646,The Meanest Man in Texas,"$8,850","$8,850",100%,-,-
647,That Part Feeling - the Universe of Arvo Part,"$8,812","$8,812",100%,-,-
648,The Dead Center,"$8,320","$8,320",100%,-,-
649,Angels Are Made Of Light,"$7,919","$7,919",100%,-,-
650,This Magnificent Cake!,"$7,888","$7,888",100%,-,-
651,Ghost Fleet,"$7,850","$7,850",100%,-,-
652,The Plagiarists,"$7,768","$7,768",100%,-,-
653,Gregory's Girl,"$7,710","$7,710",100%,-,-
654,I'll Take Your Dead,"$7,692","$7,692",100%,-,-
655,Beloved Beast,"$7,301","$7,301",100%,-,-
656,Dying to Survive 2019 Re-release,"$6,752","$6,752",100%,-,-
657,Under the Eiffel Tower,"$6,291","$6,291",100%,-,-
658,Relaxer,"$6,133","$6,133",100%,-,-
659,Série noire,"$5,633","$5,633",100%,-,-
660,The Miracle of the Little Prince,"$5,553","$5,553",100%,-,-
661,Chokehold,"$5,200","$5,200",100%,-,-
662,The Gliksmans,"$5,166","$5,166",100%,-,-
663,100 Acres of Hell,"$5,152","$5,152",100%,-,-
664,Body at Brighton Rock,"$5,123","$5,123",100%,-,-
665,Chulas Fronteras,"$5,021","$5,021",100%,-,-
666,The Garden,"$5,006","$5,006",100%,-,-
667,Malek,"$4,898","$4,898",100%,-,-
668,I'm Leaving Now,"$4,488","$4,488",100%,-,-
669,SGT. Will Gardner,"$4,405","$4,405",100%,-,-
670,Tito and the Birds,"$4,332","$4,332",100%,-,-
671,The Fate of Lee Khan,"$4,295","$4,295",100%,-,-
672,State Like Sleep,"$4,282","$4,282",100%,-,-
673,La Flor,"$4,032","$4,032",100%,-,-
674,Mother of a Day,"$3,919","$3,919",100%,-,-
675,Wallflower,"$3,801","$3,801",100%,-,-
676,The Wandering Soap Opera,"$3,624","$3,624",100%,-,-
677,Rottentail,"$3,383","$3,383",100%,-,-
678,Chasing Portraits,"$3,076","$3,076",100%,-,-
679,Back to the Fatherland,"$2,697","$2,697",100%,-,-
680,Division 19,"$2,680","$1,699",63.4%,$981,36.6%
681,Joan the Maid 1: The Battles,"$2,562","$2,562",100%,-,-
682,TINY: The Life of Erin Blackwell,"$2,465","$2,465",100%,-,-
683,I Lost Albert 2019 Re-release,"$2,354","$2,354",100%,-,-
684,A German Youth,"$2,343","$2,343",100%,-,-
685,Serendipity,"$2,298","$2,298",100%,-,-
686,Jihadists,"$2,104","$2,104",100%,-,-
687,Jimi Hendrix Electric Church,"$1,818",-,-,"$1,818",100%
688,Game Day,"$1,624","$1,624",100%,-,-
689,The Hours and Times,"$1,273","$1,273",100%,-,-
690,The Untold Story,$790,$790,100%,-,-
691,The Portal,$685,-,-,$685,100%
